" (u","1.000000"
" ).","1.000000"
" 0 ","1.000000"
" 10","1.000000"
" 16","2.000000"
" 20","2.000000"
" 25","1.000000"
" 30","1.000000"
" 52","1.000000"
" 60","1.000000"
" 7.","1.000000"
" 75","1.000000"
" 9.","1.000000"
" A ","5.000000"
" Ab","1.000000"
" Ai","1.000000"
" Al","6.000000"
" Am","3.000000"
" Aq","2.000000"
" Ar","2.000000"
" As","1.000000"
" Az","1.000000"
" Aç","1.000000"
" Ba","10.000000"
" Be","1.000000"
" Bl","3.000000"
" Ca","8.000000"
" Co","5.000000"
" De","3.000000"
" Di","2.000000"
" D’","1.000000"
" Ec","1.000000"
" El","10.000000"
" En","3.000000"
" Er","1.000000"
" Es","1.000000"
" Fa","2.000000"
" Fe","16.000000"
" Ga","1.000000"
" Ge","1.000000"
" Go","1.000000"
" Gr","1.000000"
" Gò","2.000000"
" He","1.000000"
" Hi","3.000000"
" Hu","1.000000"
" I ","3.000000"
" Ia","1.000000"
" Il","2.000000"
" Is","1.000000"
" Ja","1.000000"
" Je","1.000000"
" Ju","2.000000"
" L'","1.000000"
" La","8.000000"
" Li","1.000000"
" Ll","2.000000"
" L’","5.000000"
" Ma","2.000000"
" Me","1.000000"
" Mo","4.000000"
" Ne","1.000000"
" Ni","1.000000"
" No","3.000000"
" Nu","1.000000"
" Nú","1.000000"
" PP","7.000000"
" PS","2.000000"
" Pa","4.000000"
" Pe","7.000000"
" Po","4.000000"
" Qu","4.000000"
" Ra","1.000000"
" Re","1.000000"
" Ri","1.000000"
" Sa","3.000000"
" Se","5.000000"
" Si","1.000000"
" So","1.000000"
" Sà","1.000000"
" Sá","2.000000"
" S’","1.000000"
" Ta","4.000000"
" Te","1.000000"
" Th","1.000000"
" To","2.000000"
" Tr","1.000000"
" Tu","1.000000"
" Uc","1.000000"
" Un","6.000000"
" VI","1.000000"
" Vo","3.000000"
" XV","1.000000"
" Xè","3.000000"
" a ","80.000000"
" ab","9.000000"
" ac","6.000000"
" ad","4.000000"
" af","3.000000"
" ag","3.000000"
" ai","5.000000"
" aj","3.000000"
" al","50.000000"
" am","41.000000"
" an","13.000000"
" ap","8.000000"
" aq","11.000000"
" ar","10.000000"
" as","6.000000"
" at","2.000000"
" au","3.000000"
" av","3.000000"
" ba","16.000000"
" be","3.000000"
" bi","1.000000"
" bl","2.000000"
" bo","11.000000"
" br","1.000000"
" bu","3.000000"
" bé","2.000000"
" ca","56.000000"
" ce","14.000000"
" ci","12.000000"
" cl","2.000000"
" co","104.000000"
" cr","10.000000"
" cu","2.000000"
" cú","1.000000"
" d'","16.000000"
" da","4.000000"
" de","271.000000"
" di","24.000000"
" do","8.000000"
" dr","4.000000"
" du","5.000000"
" dè","2.000000"
" d’","40.000000"
" ec","1.000000"
" ed","2.000000"
" ei","2.000000"
" el","137.000000"
" em","2.000000"
" en","59.000000"
" er","6.000000"
" es","44.000000"
" et","3.000000"
" eu","2.000000"
" ev","3.000000"
" ex","13.000000"
" fa","34.000000"
" fe","22.000000"
" fi","9.000000"
" fo","8.000000"
" fr","3.000000"
" fu","4.000000"
" fà","1.000000"
" ga","4.000000"
" ge","2.000000"
" gi","2.000000"
" go","12.000000"
" gr","10.000000"
" gu","8.000000"
" ha","44.000000"
" hi","17.000000"
" ho","7.000000"
" hu","4.000000"
" i ","105.000000"
" i,","1.000000"
" id","2.000000"
" il","7.000000"
" im","10.000000"
" in","25.000000"
" is","1.000000"
" ja","8.000000"
" je","1.000000"
" jo","1.000000"
" ju","2.000000"
" l'","10.000000"
" la","119.000000"
" le","45.000000"
" li","5.000000"
" ll","18.000000"
" lo","11.000000"
" lu","2.000000"
" lí","4.000000"
" l’","32.000000"
" ma","41.000000"
" me","22.000000"
" mi","10.000000"
" mo","22.000000"
" mu","3.000000"
" mà","1.000000"
" mé","24.000000"
" mí","2.000000"
" mò","1.000000"
" mó","1.000000"
" mú","1.000000"
" n'","2.000000"
" na","2.000000"
" ne","7.000000"
" ni","8.000000"
" no","56.000000"
" nà","1.000000"
" o ","10.000000"
" ob","11.000000"
" oc","6.000000"
" of","3.000000"
" on","11.000000"
" op","1.000000"
" os","1.000000"
" pa","48.000000"
" pe","69.000000"
" pi","5.000000"
" pl","5.000000"
" po","50.000000"
" pr","41.000000"
" ps","1.000000"
" pu","6.000000"
" pú","1.000000"
" qu","144.000000"
" qü","2.000000"
" ra","3.000000"
" re","52.000000"
" ri","1.000000"
" ro","6.000000"
" ru","4.000000"
" s'","7.000000"
" sa","9.000000"
" se","60.000000"
" si","18.000000"
" so","40.000000"
" su","7.000000"
" sè","1.000000"
" só","3.000000"
" s’","12.000000"
" ta","20.000000"
" te","21.000000"
" ti","2.000000"
" to","15.000000"
" tr","23.000000"
" tu","9.000000"
" té","6.000000"
" t’","2.000000"
" ul","1.000000"
" un","53.000000"
" ur","2.000000"
" va","31.000000"
" ve","22.000000"
" vi","15.000000"
" vo","14.000000"
" vu","1.000000"
" ví","1.000000"
" xa","1.000000"
" xo","1.000000"
" zo","9.000000"
" «t","1.000000"
" »,","1.000000"
" ¿E","2.000000"
" ¿c","1.000000"
" És","2.000000"
" àn","1.000000"
" àr","1.000000"
" és","25.000000"
" ín","1.000000"
" òb","1.000000"
" –q","2.000000"
" –t","1.000000"
" “U","1.000000"
" “d","1.000000"
" “r","1.000000"
"% d","2.000000"
"'Aj","2.000000"
"'In","1.000000"
"'al","1.000000"
"'an","1.000000"
"'ap","1.000000"
"'aq","1.000000"
"'as","1.000000"
"'en","1.000000"
"'eq","1.000000"
"'es","3.000000"
"'ex","1.000000"
"'ha","8.000000"
"'ho","2.000000"
"'l,","1.000000"
"'ns","1.000000"
"'ob","2.000000"
"'of","1.000000"
"'on","1.000000"
"'un","8.000000"
"'ún","1.000000"
"(tr","1.000000"
"(un","1.000000"
") i","1.000000"
", A","1.000000"
", F","1.000000"
", I","1.000000"
", P","1.000000"
", T","1.000000"
", a","21.000000"
", b","2.000000"
", c","16.000000"
", d","17.000000"
", e","27.000000"
", f","2.000000"
", g","2.000000"
", h","4.000000"
", i","11.000000"
", l","17.000000"
", m","4.000000"
", n","2.000000"
", o","5.000000"
", p","18.000000"
", q","10.000000"
", r","1.000000"
", s","11.000000"
", t","6.000000"
", u","6.000000"
", v","3.000000"
", z","1.000000"
", ¿","1.000000"
", é","3.000000"
", ò","1.000000"
"-PS","1.000000"
"-ce","1.000000"
"-cò","1.000000"
"-ho","1.000000"
"-la","1.000000"
"-li","2.000000"
"-lo","1.000000"
"-po","1.000000"
"-se","3.000000"
". A","18.000000"
". B","1.000000"
". C","2.000000"
". D","4.000000"
". E","14.000000"
". F","1.000000"
". H","3.000000"
". I","3.000000"
". J","1.000000"
". L","12.000000"
". M","1.000000"
". N","2.000000"
". P","5.000000"
". Q","4.000000"
". R","1.000000"
". S","4.000000"
". T","3.000000"
". U","3.000000"
". ¿","1.000000"
". É","2.000000"
". “","1.000000"
".. ","1.000000"
"...","1.000000"
".00","2.000000"
".La","1.000000"
"0 d","1.000000"
"0 e","2.000000"
"0 i","1.000000"
"0 m","3.000000"
"0% ","1.000000"
"00 ","4.000000"
"000","2.000000"
"018","1.000000"
"100","1.000000"
"16 ","1.000000"
"160","1.000000"
"18 ","1.000000"
"2 e","1.000000"
"20%","1.000000"
"201","1.000000"
"25 ","1.000000"
"300","1.000000"
"5 p","1.000000"
"5% ","1.000000"
"52 ","1.000000"
"6 s","1.000000"
"60 ","2.000000"
"7.0","1.000000"
"75%","1.000000"
"8 a","1.000000"
"9.0","1.000000"
": a","1.000000"
": d","1.000000"
": l","1.000000"
": u","1.000000"
"; e","1.000000"
"; l","1.000000"
"? D","1.000000"
"? L","1.000000"
"? N","1.000000"
"? P","1.000000"
"? ¿","1.000000"
"A l","1.000000"
"A m","2.000000"
"A p","1.000000"
"A s","1.000000"
"Aba","2.000000"
"Aix","1.000000"
"Aju","2.000000"
"Al ","3.000000"
"Alb","1.000000"
"Alg","1.000000"
"Ali","1.000000"
"Amb","3.000000"
"Aqu","3.000000"
"Ara","3.000000"
"Ass","1.000000"
"Atl","1.000000"
"Azu","1.000000"
"Aço","1.000000"
"Bal","2.000000"
"Bar","8.000000"
"Bea","1.000000"
"Bla","3.000000"
"Bot","1.000000"
"Cai","1.000000"
"Cal","1.000000"
"Cam","1.000000"
"Cap","3.000000"
"Cas","3.000000"
"Com","3.000000"
"Con","3.000000"
"De ","3.000000"
"Des","1.000000"
"Dim","1.000000"
"Dip","1.000000"
"D’a","1.000000"
"E i","1.000000"
"E p","1.000000"
"E? ","1.000000"
"Eco","1.000000"
"El ","15.000000"
"Els","2.000000"
"En ","4.000000"
"Enc","3.000000"
"Ere","1.000000"
"Est","3.000000"
"Evi","1.000000"
"Fai","1.000000"
"Far","1.000000"
"Fei","10.000000"
"Fel","1.000000"
"Fer","6.000000"
"Fin","1.000000"
"Gal","1.000000"
"Gen","1.000000"
"Gov","1.000000"
"Gri","1.000000"
"Gòt","2.000000"
"Hen","1.000000"
"Hi ","4.000000"
"Hub","1.000000"
"I a","1.000000"
"I f","1.000000"
"I i","1.000000"
"I n","1.000000"
"I r","1.000000"
"I é","1.000000"
"II ","1.000000"
"III","1.000000"
"Iag","1.000000"
"Ill","2.000000"
"Int","1.000000"
"Isa","1.000000"
"Jau","1.000000"
"Jer","1.000000"
"Jud","1.000000"
"Jus","1.000000"
"L'e","1.000000"
"L'h","1.000000"
"La ","15.000000"
"Les","4.000000"
"Li ","1.000000"
"Lle","1.000000"
"Llo","1.000000"
"L’S","1.000000"
"L’a","1.000000"
"L’e","2.000000"
"L’o","3.000000"
"Mad","1.000000"
"Mal","1.000000"
"Med","1.000000"
"Mod","1.000000"
"Mon","2.000000"
"Mor","1.000000"
"Neg","1.000000"
"Ni ","1.000000"
"No ","2.000000"
"Nor","1.000000"
"Nun","1.000000"
"Núñ","1.000000"
"OE ","2.000000"
"OE?","1.000000"
"Obr","1.000000"
"P a","1.000000"
"P e","1.000000"
"P i","1.000000"
"P p","1.000000"
"P s","1.000000"
"P-P","1.000000"
"P. ","1.000000"
"PP ","5.000000"
"PP-","1.000000"
"PP.","1.000000"
"PSO","3.000000"
"Pab","2.000000"
"Pal","1.000000"
"Pas","1.000000"
"Ped","2.000000"
"Pen","1.000000"
"Per","6.000000"
"Pod","4.000000"
"Qui","3.000000"
"Què","1.000000"
"Ram","1.000000"
"Rec","1.000000"
"Rib","1.000000"
"SOE","3.000000"
"San","3.000000"
"Sem","1.000000"
"Ser","1.000000"
"Set","1.000000"
"Sev","2.000000"
"Si ","1.000000"
"Sim","1.000000"
"Sob","1.000000"
"Sou","1.000000"
"Sti","1.000000"
"Sàh","1.000000"
"Sán","2.000000"
"S’a","1.000000"
"Tan","2.000000"
"Tar","3.000000"
"Ter","1.000000"
"The","1.000000"
"Tot","2.000000"
"Tre","1.000000"
"Tuc","1.000000"
"Tur","1.000000"
"Ucr","2.000000"
"Un ","3.000000"
"Una","2.000000"
"Uni","4.000000"
"VI ","1.000000"
"VII","1.000000"
"Vox","3.000000"
"XVI","1.000000"
"Xèn","3.000000"
"a )","1.000000"
"a 0","1.000000"
"a 1","1.000000"
"a 2","1.000000"
"a B","4.000000"
"a C","1.000000"
"a F","1.000000"
"a G","1.000000"
"a I","1.000000"
"a L","1.000000"
"a M","3.000000"
"a P","1.000000"
"a R","1.000000"
"a S","3.000000"
"a T","3.000000"
"a U","1.000000"
"a X","3.000000"
"a a","45.000000"
"a b","10.000000"
"a c","41.000000"
"a d","81.000000"
"a e","35.000000"
"a f","17.000000"
"a g","4.000000"
"a h","9.000000"
"a i","34.000000"
"a j","3.000000"
"a l","51.000000"
"a m","33.000000"
"a n","16.000000"
"a o","9.000000"
"a p","56.000000"
"a q","34.000000"
"a r","19.000000"
"a s","29.000000"
"a t","27.000000"
"a u","8.000000"
"a v","19.000000"
"a z","7.000000"
"a à","2.000000"
"a é","2.000000"
"a –","1.000000"
"a “","1.000000"
"a, ","40.000000"
"a. ","16.000000"
"a: ","1.000000"
"a; ","2.000000"
"a? ","1.000000"
"aba","11.000000"
"abe","1.000000"
"abi","5.000000"
"abl","14.000000"
"abo","1.000000"
"abs","2.000000"
"abt","1.000000"
"ac ","1.000000"
"aca","2.000000"
"acc","2.000000"
"ace","4.000000"
"aci","32.000000"
"aco","1.000000"
"act","11.000000"
"acu","2.000000"
"ada","23.000000"
"ade","12.000000"
"adi","3.000000"
"adm","2.000000"
"ado","7.000000"
"adr","3.000000"
"adu","2.000000"
"adí","1.000000"
"afa","1.000000"
"afe","2.000000"
"afi","3.000000"
"afr","1.000000"
"aga","3.000000"
"agi","3.000000"
"agm","3.000000"
"agn","1.000000"
"ago","6.000000"
"agr","2.000000"
"agu","2.000000"
"agó","1.000000"
"ai ","1.000000"
"aia","1.000000"
"aig","1.000000"
"air","1.000000"
"ais","4.000000"
"aix","15.000000"
"ajo","6.000000"
"aju","3.000000"
"al ","52.000000"
"al,","10.000000"
"al.","4.000000"
"ala","4.000000"
"alc","1.000000"
"ald","1.000000"
"ale","6.000000"
"alg","6.000000"
"alh","1.000000"
"ali","22.000000"
"all","9.000000"
"alm","7.000000"
"alo","5.000000"
"als","27.000000"
"alt","14.000000"
"alu","1.000000"
"al·","5.000000"
"alí","1.000000"
"ama","2.000000"
"amb","49.000000"
"ame","11.000000"
"ami","5.000000"
"amo","3.000000"
"amp","5.000000"
"amí","5.000000"
"an ","30.000000"
"an)","1.000000"
"an,","2.000000"
"an.","1.000000"
"ana","12.000000"
"anc","10.000000"
"and","8.000000"
"ane","10.000000"
"ang","1.000000"
"ani","2.000000"
"anm","1.000000"
"ano","1.000000"
"anq","1.000000"
"ans","20.000000"
"ant","40.000000"
"anu","2.000000"
"anv","3.000000"
"anx","1.000000"
"any","13.000000"
"anç","2.000000"
"aon","1.000000"
"ap ","12.000000"
"ap,","1.000000"
"ap.","1.000000"
"apa","6.000000"
"ape","4.000000"
"api","1.000000"
"apo","2.000000"
"apr","4.000000"
"apt","1.000000"
"apu","1.000000"
"apí","1.000000"
"aqu","23.000000"
"ar ","80.000000"
"ar,","6.000000"
"ar-","3.000000"
"ar.","4.000000"
"ara","22.000000"
"arc","10.000000"
"ard","7.000000"
"are","5.000000"
"arg","2.000000"
"ari","19.000000"
"arn","3.000000"
"aro","1.000000"
"arr","17.000000"
"ars","10.000000"
"art","16.000000"
"arx","2.000000"
"arà","5.000000"
"arç","1.000000"
"arí","1.000000"
"as ","1.000000"
"asa","5.000000"
"asc","4.000000"
"ase","3.000000"
"asi","1.000000"
"asm","1.000000"
"asp","1.000000"
"ass","24.000000"
"ast","3.000000"
"at ","69.000000"
"at,","8.000000"
"at.","5.000000"
"at?","1.000000"
"ata","2.000000"
"ate","12.000000"
"atg","8.000000"
"ati","5.000000"
"atl","1.000000"
"atr","4.000000"
"ats","18.000000"
"atu","2.000000"
"atà","1.000000"
"atè","4.000000"
"at–","1.000000"
"au ","1.000000"
"auf","1.000000"
"aug","2.000000"
"aul","2.000000"
"aum","1.000000"
"aur","4.000000"
"aus","1.000000"
"aut","3.000000"
"ava","7.000000"
"ave","7.000000"
"avi","6.000000"
"avu","3.000000"
"avé","1.000000"
"axi","1.000000"
"aça","2.000000"
"aís","1.000000"
"aïn","2.000000"
"b F","1.000000"
"b a","1.000000"
"b c","3.000000"
"b e","12.000000"
"b f","1.000000"
"b l","9.000000"
"b m","2.000000"
"b p","3.000000"
"b t","1.000000"
"b u","6.000000"
"b, ","1.000000"
"ba ","3.000000"
"ba.","1.000000"
"bad","2.000000"
"bag","1.000000"
"bai","6.000000"
"bal","3.000000"
"ban","9.000000"
"bar","8.000000"
"bas","3.000000"
"bat","6.000000"
"bei","1.000000"
"bel","2.000000"
"ben","1.000000"
"ber","9.000000"
"bes","3.000000"
"bia","1.000000"
"bic","2.000000"
"bie","6.000000"
"bil","9.000000"
"bit","3.000000"
"bje","4.000000"
"bla","5.000000"
"ble","19.000000"
"bli","8.000000"
"blo","4.000000"
"bma","1.000000"
"boc","1.000000"
"bom","1.000000"
"bon","3.000000"
"bor","1.000000"
"bot","6.000000"
"bra","2.000000"
"bre","8.000000"
"bri","4.000000"
"bro","1.000000"
"brú","1.000000"
"bse","1.000000"
"bso","1.000000"
"bst","1.000000"
"bte","2.000000"
"buf","1.000000"
"bur","1.000000"
"bus","2.000000"
"bvi","1.000000"
"bé ","6.000000"
"bé,","3.000000"
"c V","1.000000"
"c a","1.000000"
"c d","2.000000"
"c g","1.000000"
"c h","4.000000"
"c i","4.000000"
"c m","1.000000"
"c o","1.000000"
"c p","3.000000"
"c s","1.000000"
"c –","1.000000"
"c, ","4.000000"
"c. ","2.000000"
"ca ","14.000000"
"ca,","3.000000"
"ca.","1.000000"
"cab","2.000000"
"cac","2.000000"
"cad","10.000000"
"cal","16.000000"
"cam","12.000000"
"can","4.000000"
"cap","13.000000"
"car","21.000000"
"cas","6.000000"
"cat","6.000000"
"cau","1.000000"
"cce","1.000000"
"cci","4.000000"
"ccé","1.000000"
"cea","1.000000"
"cel","6.000000"
"cen","13.000000"
"cer","4.000000"
"ces","5.000000"
"cet","1.000000"
"che","2.000000"
"ci ","1.000000"
"cia","23.000000"
"cic","2.000000"
"cid","3.000000"
"cie","5.000000"
"cif","1.000000"
"cil","2.000000"
"cim","1.000000"
"cin","2.000000"
"cio","18.000000"
"cip","3.000000"
"cir","1.000000"
"cis","2.000000"
"cit","1.000000"
"ciu","8.000000"
"civ","1.000000"
"ció","37.000000"
"cla","3.000000"
"cle","1.000000"
"cli","1.000000"
"clo","3.000000"
"clu","3.000000"
"co-","1.000000"
"coa","2.000000"
"cob","2.000000"
"coi","1.000000"
"col","7.000000"
"com","48.000000"
"con","30.000000"
"cop","4.000000"
"cor","8.000000"
"cos","17.000000"
"cot","2.000000"
"cov","3.000000"
"cra","3.000000"
"cre","9.000000"
"cri","6.000000"
"cro","1.000000"
"crà","1.000000"
"cs ","8.000000"
"cs,","2.000000"
"cta","6.000000"
"cte","9.000000"
"cti","10.000000"
"cto","7.000000"
"ctu","2.000000"
"ctò","1.000000"
"cua","1.000000"
"cui","1.000000"
"cul","10.000000"
"cum","1.000000"
"cup","1.000000"
"cur","2.000000"
"cut","2.000000"
"càn","4.000000"
"càr","1.000000"
"cán","1.000000"
"cèn","1.000000"
"cés","1.000000"
"còl","1.000000"
"còn","1.000000"
"cór","1.000000"
"cú ","2.000000"
"cúp","1.000000"
"d a","1.000000"
"d d","1.000000"
"d g","1.000000"
"d o","1.000000"
"d t","1.000000"
"d v","1.000000"
"d'I","1.000000"
"d'a","3.000000"
"d'e","2.000000"
"d'h","1.000000"
"d'o","1.000000"
"d'u","8.000000"
"da ","34.000000"
"da,","3.000000"
"da;","1.000000"
"dad","2.000000"
"dal","3.000000"
"dam","1.000000"
"dan","1.000000"
"dap","1.000000"
"dar","5.000000"
"das","2.000000"
"dat","5.000000"
"de ","150.000000"
"deb","3.000000"
"dec","7.000000"
"dei","7.000000"
"del","68.000000"
"dem","11.000000"
"den","9.000000"
"dep","1.000000"
"der","9.000000"
"des","45.000000"
"dev","1.000000"
"di ","2.000000"
"dia","8.000000"
"dic","5.000000"
"did","2.000000"
"die","1.000000"
"dif","1.000000"
"dig","3.000000"
"dij","1.000000"
"dil","1.000000"
"dim","1.000000"
"din","2.000000"
"dir","5.000000"
"dis","6.000000"
"diu","2.000000"
"div","3.000000"
"dià","1.000000"
"dme","1.000000"
"dmi","1.000000"
"do ","1.000000"
"do,","1.000000"
"do.","1.000000"
"dob","1.000000"
"dol","1.000000"
"don","4.000000"
"dor","5.000000"
"dos","2.000000"
"dot","1.000000"
"dra","8.000000"
"dre","8.000000"
"dri","5.000000"
"dro","2.000000"
"drà","2.000000"
"ds ","2.000000"
"ds”","1.000000"
"duc","2.000000"
"due","2.000000"
"dul","1.000000"
"dun","1.000000"
"dur","3.000000"
"dut","1.000000"
"dà ","1.000000"
"dèc","1.000000"
"dèm","4.000000"
"dèn","2.000000"
"dés","1.000000"
"dí,","1.000000"
"dís","1.000000"
"dús","2.000000"
"d’A","2.000000"
"d’U","2.000000"
"d’a","12.000000"
"d’e","4.000000"
"d’h","2.000000"
"d’i","5.000000"
"d’o","2.000000"
"d’u","11.000000"
"e 3","1.000000"
"e 6","1.000000"
"e A","1.000000"
"e B","5.000000"
"e C","1.000000"
"e D","1.000000"
"e F","3.000000"
"e J","1.000000"
"e L","1.000000"
"e N","1.000000"
"e P","3.000000"
"e S","2.000000"
"e T","3.000000"
"e X","1.000000"
"e a","16.000000"
"e b","4.000000"
"e c","18.000000"
"e d","24.000000"
"e e","29.000000"
"e f","15.000000"
"e g","5.000000"
"e h","8.000000"
"e i","4.000000"
"e j","3.000000"
"e l","77.000000"
"e m","9.000000"
"e n","12.000000"
"e p","18.000000"
"e q","10.000000"
"e r","10.000000"
"e s","21.000000"
"e t","15.000000"
"e u","3.000000"
"e v","18.000000"
"e x","1.000000"
"e é","1.000000"
"e'l","1.000000"
"e'n","1.000000"
"e, ","13.000000"
"e. ","9.000000"
"e.L","1.000000"
"ea ","1.000000"
"eac","1.000000"
"eal","4.000000"
"ean","1.000000"
"ear","3.000000"
"eau","1.000000"
"eba","3.000000"
"ebe","1.000000"
"ebi","1.000000"
"ebr","1.000000"
"ebé","1.000000"
"ec.","1.000000"
"ecc","1.000000"
"ece","3.000000"
"eci","4.000000"
"ecl","1.000000"
"eco","7.000000"
"ecr","4.000000"
"ect","20.000000"
"ecu","5.000000"
"eda","6.000000"
"ede","2.000000"
"edi","8.000000"
"edr","3.000000"
"edu","1.000000"
"edà","1.000000"
"een","1.000000"
"efe","2.000000"
"efo","2.000000"
"eg ","1.000000"
"eg.","1.000000"
"ega","8.000000"
"ege","1.000000"
"egl","2.000000"
"ego","8.000000"
"egr","4.000000"
"egu","11.000000"
"ei ","6.000000"
"eie","1.000000"
"eij","10.000000"
"ein","2.000000"
"eir","1.000000"
"eix","28.000000"
"eja","3.000000"
"ejo","2.000000"
"el ","154.000000"
"ela","7.000000"
"ele","5.000000"
"eli","4.000000"
"ell","21.000000"
"elo","4.000000"
"els","51.000000"
"el·","2.000000"
"em ","3.000000"
"em,","2.000000"
"ema","9.000000"
"emb","2.000000"
"eme","7.000000"
"emo","6.000000"
"emp","9.000000"
"emu","1.000000"
"emà","1.000000"
"emò","1.000000"
"en ","67.000000"
"en.","1.000000"
"ena","6.000000"
"enc","8.000000"
"end","11.000000"
"ene","5.000000"
"enf","3.000000"
"eng","2.000000"
"eni","19.000000"
"enl","1.000000"
"enm","3.000000"
"enn","1.000000"
"eno","3.000000"
"enr","2.000000"
"ens","9.000000"
"ent","88.000000"
"enu","2.000000"
"eny","6.000000"
"enç","4.000000"
"ení","1.000000"
"eon","1.000000"
"epa","1.000000"
"epe","2.000000"
"epr","2.000000"
"ept","2.000000"
"equ","2.000000"
"er ","70.000000"
"er,","1.000000"
"er-","1.000000"
"er.","1.000000"
"era","27.000000"
"erc","4.000000"
"erd","1.000000"
"ere","12.000000"
"erf","1.000000"
"erg","1.000000"
"eri","14.000000"
"erm","7.000000"
"ern","18.000000"
"erp","2.000000"
"erq","1.000000"
"err","22.000000"
"ers","11.000000"
"ert","16.000000"
"eru","5.000000"
"erv","7.000000"
"erç","5.000000"
"erè","1.000000"
"erò","11.000000"
"erô","1.000000"
"es ","194.000000"
"es,","19.000000"
"es-","1.000000"
"es.","10.000000"
"esa","3.000000"
"esb","1.000000"
"esc","8.000000"
"ese","5.000000"
"esf","1.000000"
"esi","3.000000"
"eso","2.000000"
"esp","21.000000"
"ess","9.000000"
"est","56.000000"
"esu","5.000000"
"esv","1.000000"
"esó","1.000000"
"es”","1.000000"
"et ","20.000000"
"et,","2.000000"
"et.","3.000000"
"eta","13.000000"
"ete","6.000000"
"eti","3.000000"
"etj","1.000000"
"etm","4.000000"
"etr","10.000000"
"eté","1.000000"
"eu ","14.000000"
"eu.","1.000000"
"eue","3.000000"
"eun","1.000000"
"eur","10.000000"
"eus","3.000000"
"eva","12.000000"
"eve","6.000000"
"evi","5.000000"
"ex ","1.000000"
"exc","3.000000"
"exe","3.000000"
"exi","3.000000"
"exp","4.000000"
"ext","4.000000"
"ez ","1.000000"
"ez.","1.000000"
"ez?","1.000000"
"eïn","1.000000"
"eó,","1.000000"
"e–,","1.000000"
"e’n","1.000000"
"e’s","1.000000"
"e” ","1.000000"
"fa ","8.000000"
"fa,","1.000000"
"fac","5.000000"
"fal","2.000000"
"fan","4.000000"
"far","17.000000"
"fe ","1.000000"
"fec","2.000000"
"feg","1.000000"
"fei","2.000000"
"fel","1.000000"
"fen","2.000000"
"fer","11.000000"
"fes","5.000000"
"fet","10.000000"
"fia","1.000000"
"fic","5.000000"
"fie","1.000000"
"fil","2.000000"
"fin","7.000000"
"fir","1.000000"
"fit","1.000000"
"fix","1.000000"
"foc","2.000000"
"fon","1.000000"
"for","8.000000"
"fos","1.000000"
"fot","3.000000"
"fou","2.000000"
"fra","2.000000"
"fro","3.000000"
"fru","1.000000"
"fug","2.000000"
"fun","2.000000"
"fus","1.000000"
"fàb","1.000000"
"fíc","1.000000"
"g a","1.000000"
"g d","5.000000"
"g i","1.000000"
"g, ","1.000000"
"g-p","1.000000"
"g. ","1.000000"
"ga ","4.000000"
"gac","2.000000"
"gad","1.000000"
"gaf","1.000000"
"gai","1.000000"
"gal","3.000000"
"gam","1.000000"
"gan","1.000000"
"gar","2.000000"
"gat","3.000000"
"gav","1.000000"
"ge ","6.000000"
"ge,","1.000000"
"ge.","1.000000"
"gei","1.000000"
"gel","1.000000"
"gen","4.000000"
"ger","1.000000"
"ges","2.000000"
"gi ","2.000000"
"gia","3.000000"
"gid","2.000000"
"gin","1.000000"
"gir","4.000000"
"git","1.000000"
"gle","2.000000"
"gma","1.000000"
"gme","3.000000"
"gmà","4.000000"
"gni","1.000000"
"go ","2.000000"
"goc","2.000000"
"gol","1.000000"
"gon","10.000000"
"gor","2.000000"
"gov","11.000000"
"gra","13.000000"
"gre","3.000000"
"gro","1.000000"
"gru","2.000000"
"gré","3.000000"
"grí","1.000000"
"gua","4.000000"
"gue","17.000000"
"gui","11.000000"
"gul","4.000000"
"gun","3.000000"
"gur","2.000000"
"gus","1.000000"
"gut","2.000000"
"gué","2.000000"
"gèn","1.000000"
"gó ","1.000000"
"gú ","3.000000"
"ha ","37.000000"
"ha,","1.000000"
"hab","2.000000"
"hag","3.000000"
"han","10.000000"
"har","1.000000"
"hau","1.000000"
"hav","8.000000"
"he ","1.000000"
"hez","2.000000"
"hi ","13.000000"
"hib","1.000000"
"his","7.000000"
"ho ","5.000000"
"hom","2.000000"
"hor","2.000000"
"hos","2.000000"
"hot","2.000000"
"hum","4.000000"
"i F","2.000000"
"i G","1.000000"
"i H","1.000000"
"i L","1.000000"
"i M","2.000000"
"i U","2.000000"
"i V","1.000000"
"i a","11.000000"
"i b","3.000000"
"i c","14.000000"
"i d","12.000000"
"i e","25.000000"
"i f","3.000000"
"i g","3.000000"
"i h","20.000000"
"i i","4.000000"
"i j","2.000000"
"i l","12.000000"
"i m","7.000000"
"i n","6.000000"
"i o","3.000000"
"i p","6.000000"
"i q","7.000000"
"i r","4.000000"
"i s","11.000000"
"i t","4.000000"
"i u","4.000000"
"i v","5.000000"
"i é","3.000000"
"i –","1.000000"
"i, ","4.000000"
"i. ","1.000000"
"iTu","1.000000"
"ia ","46.000000"
"ia,","5.000000"
"ia.","3.000000"
"iab","1.000000"
"iad","1.000000"
"iag","1.000000"
"ial","20.000000"
"iam","6.000000"
"ian","6.000000"
"iar","6.000000"
"iat","2.000000"
"iba","2.000000"
"ibe","1.000000"
"ibi","5.000000"
"ibl","9.000000"
"ibu","1.000000"
"ic ","5.000000"
"ic,","3.000000"
"ic.","2.000000"
"ica","17.000000"
"ici","16.000000"
"icl","2.000000"
"icr","1.000000"
"ics","4.000000"
"icu","1.000000"
"icè","1.000000"
"icò","1.000000"
"id ","4.000000"
"ida","10.000000"
"ide","11.000000"
"idi","1.000000"
"idr","1.000000"
"ie ","1.000000"
"iem","1.000000"
"ien","11.000000"
"ies","11.000000"
"iet","4.000000"
"ifi","4.000000"
"ifí","1.000000"
"ig ","4.000000"
"iga","3.000000"
"ige","2.000000"
"igi","3.000000"
"igm","3.000000"
"igo","1.000000"
"igu","13.000000"
"igè","1.000000"
"ijo","1.000000"
"ijó","10.000000"
"il ","4.000000"
"il,","1.000000"
"ila","1.000000"
"ile","1.000000"
"ili","12.000000"
"ill","14.000000"
"ilo","1.000000"
"ils","2.000000"
"ilu","1.000000"
"il·","6.000000"
"ilò","1.000000"
"ima","7.000000"
"ime","15.000000"
"imi","1.000000"
"imo","1.000000"
"imp","14.000000"
"ims","2.000000"
"in ","10.000000"
"ina","14.000000"
"inc","7.000000"
"ind","2.000000"
"ine","7.000000"
"ing","4.000000"
"inh","2.000000"
"ini","2.000000"
"ino","1.000000"
"inq","1.000000"
"ins","18.000000"
"int","11.000000"
"inu","5.000000"
"inv","3.000000"
"inx","2.000000"
"inà","1.000000"
"inó","1.000000"
"ion","25.000000"
"ior","3.000000"
"ios","2.000000"
"ip ","3.000000"
"ipa","1.000000"
"ipi","2.000000"
"ipu","3.000000"
"iqu","7.000000"
"ir ","14.000000"
"ir,","1.000000"
"ir-","3.000000"
"ira","4.000000"
"irc","1.000000"
"ire","5.000000"
"iri","3.000000"
"irm","1.000000"
"irs","5.000000"
"irt","1.000000"
"irà","2.000000"
"is ","9.000000"
"is,","1.000000"
"is.","1.000000"
"isa","6.000000"
"isf","1.000000"
"isi","7.000000"
"ism","4.000000"
"isp","3.000000"
"iss","2.000000"
"ist","25.000000"
"it ","8.000000"
"it.","1.000000"
"ita","40.000000"
"ite","3.000000"
"itg","1.000000"
"iti","6.000000"
"ito","3.000000"
"its","2.000000"
"itu","5.000000"
"itz","10.000000"
"ità","1.000000"
"iu ","8.000000"
"iu.","1.000000"
"ium","1.000000"
"iur","1.000000"
"ius","2.000000"
"iut","8.000000"
"iva","9.000000"
"ive","3.000000"
"ivi","3.000000"
"ix ","8.000000"
"ix,","2.000000"
"ix.","1.000000"
"ixa","10.000000"
"ixe","12.000000"
"ixi","2.000000"
"ixo","4.000000"
"ixí","2.000000"
"ixò","6.000000"
"iàl","1.000000"
"iç ","1.000000"
"ièn","1.000000"
"ió ","39.000000"
"ió,","5.000000"
"ja ","9.000000"
"jad","1.000000"
"jar","2.000000"
"jec","4.000000"
"jer","1.000000"
"jol","1.000000"
"jor","5.000000"
"jos","2.000000"
"jou","1.000000"
"jov","1.000000"
"jud","4.000000"
"jun","7.000000"
"jóo","10.000000"
"l (","1.000000"
"l 2","2.000000"
"l 7","1.000000"
"l B","2.000000"
"l C","4.000000"
"l E","1.000000"
"l F","1.000000"
"l G","3.000000"
"l M","1.000000"
"l N","1.000000"
"l P","7.000000"
"l S","2.000000"
"l a","1.000000"
"l b","1.000000"
"l c","42.000000"
"l d","23.000000"
"l e","4.000000"
"l f","11.000000"
"l g","10.000000"
"l h","1.000000"
"l i","6.000000"
"l j","1.000000"
"l l","6.000000"
"l m","18.000000"
"l n","9.000000"
"l o","3.000000"
"l p","33.000000"
"l q","11.000000"
"l r","2.000000"
"l s","26.000000"
"l t","5.000000"
"l v","5.000000"
"l'A","2.000000"
"l'a","1.000000"
"l'e","2.000000"
"l'h","1.000000"
"l'o","3.000000"
"l'ú","1.000000"
"l, ","14.000000"
"l. ","4.000000"
"la ","141.000000"
"la,","5.000000"
"la.","1.000000"
"lab","1.000000"
"lac","10.000000"
"lad","2.000000"
"lam","1.000000"
"lan","11.000000"
"lar","15.000000"
"lat","6.000000"
"lau","1.000000"
"laç","2.000000"
"lbe","1.000000"
"lci","1.000000"
"lcu","1.000000"
"lcà","4.000000"
"lda","1.000000"
"ldr","1.000000"
"le ","9.000000"
"le,","3.000000"
"le.","4.000000"
"lea","3.000000"
"leb","1.000000"
"lec","3.000000"
"leg","5.000000"
"lei","4.000000"
"lel","1.000000"
"lem","3.000000"
"len","8.000000"
"leo","1.000000"
"ler","6.000000"
"les","59.000000"
"let","2.000000"
"lev","1.000000"
"lex","1.000000"
"leó","1.000000"
"le”","1.000000"
"lgi","1.000000"
"lgr","2.000000"
"lgu","4.000000"
"lgú","1.000000"
"lho","1.000000"
"li ","5.000000"
"lia","4.000000"
"lic","7.000000"
"lid","1.000000"
"lif","2.000000"
"lig","1.000000"
"lim","6.000000"
"lin","2.000000"
"lio","1.000000"
"lip","1.000000"
"lir","1.000000"
"lis","3.000000"
"lit","30.000000"
"liç","1.000000"
"ll ","13.000000"
"ll,","1.000000"
"ll.","1.000000"
"lla","17.000000"
"lle","18.000000"
"lli","1.000000"
"llo","11.000000"
"lls","5.000000"
"llu","4.000000"
"llà","3.000000"
"lma","1.000000"
"lme","6.000000"
"lo ","4.000000"
"lo,","1.000000"
"loa","2.000000"
"loc","17.000000"
"log","3.000000"
"lon","6.000000"
"loq","1.000000"
"lor","8.000000"
"lot","2.000000"
"lou","1.000000"
"ls ","84.000000"
"ls,","3.000000"
"ls.","3.000000"
"lsa","3.000000"
"lt ","5.000000"
"lt?","1.000000"
"lta","4.000000"
"lte","5.000000"
"lti","1.000000"
"ltr","6.000000"
"lts","4.000000"
"ltu","1.000000"
"lui","1.000000"
"lum","7.000000"
"lun","4.000000"
"lus","4.000000"
"lut","1.000000"
"luï","1.000000"
"l·l","15.000000"
"là ","2.000000"
"là,","1.000000"
"làn","1.000000"
"líc","2.000000"
"líd","3.000000"
"lín","1.000000"
"lòm","1.000000"
"l’A","1.000000"
"l’E","2.000000"
"l’a","6.000000"
"l’e","10.000000"
"l’i","8.000000"
"l’o","2.000000"
"l’À","1.000000"
"l’à","1.000000"
"l’ú","1.000000"
"m a","10.000000"
"m c","1.000000"
"m e","7.000000"
"m h","3.000000"
"m l","2.000000"
"m q","2.000000"
"m s","1.000000"
"m u","3.000000"
"m, ","4.000000"
"m. ","1.000000"
"ma ","10.000000"
"ma,","2.000000"
"ma.","2.000000"
"mac","2.000000"
"mag","4.000000"
"maj","5.000000"
"mal","2.000000"
"man","19.000000"
"maq","1.000000"
"mar","19.000000"
"mat","11.000000"
"mav","1.000000"
"max","1.000000"
"mb ","39.000000"
"mbe","1.000000"
"mbi","7.000000"
"mbl","3.000000"
"mbr","1.000000"
"mbé","6.000000"
"me ","5.000000"
"me,","3.000000"
"mec","1.000000"
"med","5.000000"
"mem","1.000000"
"men","45.000000"
"mer","14.000000"
"mes","10.000000"
"met","14.000000"
"mi ","1.000000"
"mia","5.000000"
"mic","4.000000"
"mig","4.000000"
"mil","5.000000"
"min","10.000000"
"mir","2.000000"
"mis","3.000000"
"mit","1.000000"
"mne","1.000000"
"moc","2.000000"
"mod","6.000000"
"mol","10.000000"
"mom","2.000000"
"mon","3.000000"
"mor","5.000000"
"mos","4.000000"
"mot","1.000000"
"mou","1.000000"
"mpa","5.000000"
"mpe","2.000000"
"mpl","10.000000"
"mpo","6.000000"
"mpr","3.000000"
"mps","7.000000"
"mpt","3.000000"
"mpu","3.000000"
"ms ","1.000000"
"ms,","1.000000"
"mst","1.000000"
"mta","1.000000"
"mun","4.000000"
"mus","2.000000"
"mà ","1.000000"
"mà,","1.000000"
"màs","1.000000"
"màt","4.000000"
"mès","2.000000"
"més","27.000000"
"mí ","5.000000"
"mín","2.000000"
"mòb","2.000000"
"mòr","1.000000"
"món","1.000000"
"mú ","1.000000"
"mús","1.000000"
"n 1","1.000000"
"n A","1.000000"
"n a","21.000000"
"n b","3.000000"
"n c","15.000000"
"n d","14.000000"
"n e","17.000000"
"n f","8.000000"
"n g","4.000000"
"n h","4.000000"
"n i","5.000000"
"n l","10.000000"
"n m","12.000000"
"n n","3.000000"
"n o","4.000000"
"n p","15.000000"
"n q","9.000000"
"n r","5.000000"
"n s","12.000000"
"n t","8.000000"
"n u","5.000000"
"n v","4.000000"
"n x","1.000000"
"n'h","2.000000"
"n) ","1.000000"
"n, ","3.000000"
"n. ","3.000000"
"n: ","1.000000"
"na ","58.000000"
"na,","5.000000"
"na.","7.000000"
"na:","1.000000"
"na?","1.000000"
"nab","2.000000"
"nac","6.000000"
"nal","6.000000"
"nam","2.000000"
"nan","2.000000"
"nar","11.000000"
"nat","10.000000"
"nav","2.000000"
"nc ","2.000000"
"nca","13.000000"
"nce","1.000000"
"nch","2.000000"
"nci","17.000000"
"ncl","4.000000"
"nco","1.000000"
"ncr","2.000000"
"ncs","3.000000"
"nda","5.000000"
"nde","3.000000"
"ndi","3.000000"
"ndo","1.000000"
"ndr","9.000000"
"ndu","1.000000"
"ndè","5.000000"
"ndú","2.000000"
"ned","1.000000"
"neg","6.000000"
"nei","2.000000"
"nen","3.000000"
"ner","14.000000"
"nes","13.000000"
"net","2.000000"
"neu","1.000000"
"nev","1.000000"
"nfe","1.000000"
"nfi","1.000000"
"nfo","3.000000"
"nfr","1.000000"
"ng,","1.000000"
"ng-","1.000000"
"nge","2.000000"
"ngr","3.000000"
"ngu","2.000000"
"ngú","2.000000"
"nho","2.000000"
"ni ","6.000000"
"ni,","1.000000"
"nia","6.000000"
"nib","8.000000"
"nic","5.000000"
"nid","3.000000"
"nie","1.000000"
"nig","1.000000"
"nim","3.000000"
"nin","3.000000"
"niq","3.000000"
"nir","11.000000"
"nis","2.000000"
"nit","6.000000"
"nju","4.000000"
"nll","1.000000"
"nma","1.000000"
"nmi","3.000000"
"nnu","1.000000"
"no ","26.000000"
"noc","2.000000"
"noi","2.000000"
"nol","1.000000"
"nom","9.000000"
"nor","6.000000"
"nos","1.000000"
"not","1.000000"
"nou","9.000000"
"nov","9.000000"
"nqu","2.000000"
"nre","1.000000"
"nri","1.000000"
"ns ","41.000000"
"ns,","6.000000"
"ns.","5.000000"
"ns:","1.000000"
"nsa","3.000000"
"nse","11.000000"
"nsf","3.000000"
"nsi","7.000000"
"nsp","1.000000"
"nst","10.000000"
"nt ","43.000000"
"nt,","7.000000"
"nt-","1.000000"
"nt.","5.000000"
"nta","32.000000"
"nte","15.000000"
"ntg","2.000000"
"nti","14.000000"
"nto","1.000000"
"ntr","24.000000"
"nts","20.000000"
"ntu","2.000000"
"nté","1.000000"
"nua","1.000000"
"nun","3.000000"
"nut","4.000000"
"nuv","1.000000"
"nuï","1.000000"
"nva","1.000000"
"nve","2.000000"
"nvi","3.000000"
"nxa","1.000000"
"nxe","3.000000"
"ny ","1.000000"
"nya","9.000000"
"nye","1.000000"
"nyo","2.000000"
"nys","8.000000"
"nài","1.000000"
"nàr","1.000000"
"nça","6.000000"
"nès","1.000000"
"níe","1.000000"
"nòm","3.000000"
"nó ","1.000000"
"o A","1.000000"
"o C","3.000000"
"o N","2.000000"
"o R","1.000000"
"o S","2.000000"
"o a","3.000000"
"o b","1.000000"
"o c","3.000000"
"o d","4.000000"
"o e","6.000000"
"o f","1.000000"
"o h","3.000000"
"o i","2.000000"
"o l","1.000000"
"o m","1.000000"
"o n","2.000000"
"o p","5.000000"
"o r","3.000000"
"o s","4.000000"
"o t","4.000000"
"o u","1.000000"
"o v","4.000000"
"o é","5.000000"
"o, ","3.000000"
"o-c","1.000000"
"o. ","1.000000"
"oa ","2.000000"
"oal","2.000000"
"oba","7.000000"
"obe","8.000000"
"obj","4.000000"
"obl","6.000000"
"obr","11.000000"
"obs","1.000000"
"obt","1.000000"
"oc ","11.000000"
"oca","14.000000"
"occ","1.000000"
"oce","1.000000"
"oci","13.000000"
"oco","4.000000"
"ocs","2.000000"
"oct","1.000000"
"ocu","2.000000"
"ocó","1.000000"
"oda","1.000000"
"ode","12.000000"
"odr","3.000000"
"odu","1.000000"
"ofe","7.000000"
"ofi","1.000000"
"ofu","1.000000"
"ogr","2.000000"
"ogu","3.000000"
"ohi","1.000000"
"oi ","2.000000"
"ois","1.000000"
"ol ","3.000000"
"ol,","1.000000"
"ola","5.000000"
"olc","4.000000"
"old","1.000000"
"ole","5.000000"
"oli","4.000000"
"oll","5.000000"
"olo","2.000000"
"ols","2.000000"
"olt","8.000000"
"olu","2.000000"
"ol·","2.000000"
"om ","25.000000"
"om.","1.000000"
"oma","1.000000"
"omb","2.000000"
"ome","16.000000"
"omi","1.000000"
"omo","1.000000"
"omp","11.000000"
"omt","1.000000"
"omu","2.000000"
"omà","1.000000"
"omè","1.000000"
"omé","3.000000"
"omò","1.000000"
"omú","1.000000"
"on ","16.000000"
"ona","29.000000"
"onc","5.000000"
"ond","4.000000"
"one","8.000000"
"onf","3.000000"
"ong","4.000000"
"oni","3.000000"
"onj","4.000000"
"ono","3.000000"
"ons","34.000000"
"ont","10.000000"
"onx","1.000000"
"ony","1.000000"
"onè","1.000000"
"onò","3.000000"
"op ","4.000000"
"op,","1.000000"
"ope","1.000000"
"opi","2.000000"
"opo","4.000000"
"opu","6.000000"
"oqu","3.000000"
"or ","17.000000"
"or.","2.000000"
"ora","12.000000"
"orc","1.000000"
"ord","6.000000"
"ore","3.000000"
"org","1.000000"
"ori","12.000000"
"orm","8.000000"
"orn","5.000000"
"orp","1.000000"
"orr","3.000000"
"ors","6.000000"
"ort","25.000000"
"os ","26.000000"
"os,","4.000000"
"os:","1.000000"
"osa","11.000000"
"osc","1.000000"
"ose","2.000000"
"osi","5.000000"
"osm","1.000000"
"oso","1.000000"
"oss","3.000000"
"ost","22.000000"
"ot ","9.000000"
"ot,","3.000000"
"ot.","1.000000"
"ota","8.000000"
"ote","5.000000"
"oti","7.000000"
"otm","1.000000"
"oto","4.000000"
"ots","3.000000"
"otx","2.000000"
"otz","1.000000"
"ou ","9.000000"
"our","2.000000"
"ous","4.000000"
"ouv","5.000000"
"ova","7.000000"
"ove","18.000000"
"ovi","5.000000"
"ové","1.000000"
"ox ","3.000000"
"p V","1.000000"
"p a","6.000000"
"p c","1.000000"
"p d","5.000000"
"p e","1.000000"
"p m","2.000000"
"p p","1.000000"
"p q","1.000000"
"p r","1.000000"
"p, ","2.000000"
"p. ","1.000000"
"pa ","2.000000"
"pac","4.000000"
"pag","1.000000"
"pai","5.000000"
"pal","3.000000"
"pan","8.000000"
"paq","2.000000"
"par","25.000000"
"pas","13.000000"
"pat","3.000000"
"paí","1.000000"
"pci","4.000000"
"pec","7.000000"
"ped","1.000000"
"peg","1.000000"
"pel","8.000000"
"pen","1.000000"
"per","64.000000"
"pes","5.000000"
"pet","2.000000"
"pi ","2.000000"
"pia","1.000000"
"pie","1.000000"
"pig","1.000000"
"pil","2.000000"
"pin","1.000000"
"pio","1.000000"
"pis","2.000000"
"pla","7.000000"
"ple","6.000000"
"pli","4.000000"
"plo","1.000000"
"pob","3.000000"
"poc","7.000000"
"pod","4.000000"
"pon","8.000000"
"pop","6.000000"
"poq","2.000000"
"por","19.000000"
"pos","21.000000"
"pot","4.000000"
"pra","1.000000"
"pre","22.000000"
"pri","9.000000"
"pro","20.000000"
"prà","1.000000"
"pré","4.000000"
"ps ","5.000000"
"ps.","2.000000"
"psi","1.000000"
"pta","2.000000"
"pte","4.000000"
"pud","1.000000"
"pug","1.000000"
"pul","10.000000"
"pun","5.000000"
"pus","2.000000"
"put","1.000000"
"pès","1.000000"
"pít","1.000000"
"púb","1.000000"
"qua","20.000000"
"que","150.000000"
"qui","9.000000"
"què","7.000000"
"quí","2.000000"
"qüe","2.000000"
"r C","1.000000"
"r F","4.000000"
"r H","1.000000"
"r J","1.000000"
"r V","1.000000"
"r a","28.000000"
"r c","10.000000"
"r d","20.000000"
"r e","27.000000"
"r f","7.000000"
"r g","3.000000"
"r h","3.000000"
"r i","4.000000"
"r j","1.000000"
"r l","17.000000"
"r m","5.000000"
"r n","3.000000"
"r o","4.000000"
"r p","11.000000"
"r q","9.000000"
"r r","1.000000"
"r s","6.000000"
"r t","5.000000"
"r u","3.000000"
"r v","3.000000"
"r »","1.000000"
"r é","2.000000"
"r, ","8.000000"
"r-h","1.000000"
"r-l","3.000000"
"r-s","3.000000"
"r. ","5.000000"
"ra ","49.000000"
"ra,","10.000000"
"ra.","5.000000"
"ra;","1.000000"
"rac","5.000000"
"rad","7.000000"
"raf","3.000000"
"rag","5.000000"
"raj","1.000000"
"ral","9.000000"
"ram","1.000000"
"ran","32.000000"
"rao","1.000000"
"rar","8.000000"
"ras","3.000000"
"rat","14.000000"
"rav","1.000000"
"raï","2.000000"
"rba","1.000000"
"rc ","1.000000"
"rca","2.000000"
"rce","3.000000"
"rci","5.000000"
"rco","3.000000"
"rcu","2.000000"
"rd ","2.000000"
"rda","6.000000"
"rdr","1.000000"
"rds","3.000000"
"rdé","1.000000"
"rdí","1.000000"
"re ","42.000000"
"re'","2.000000"
"re,","4.000000"
"re.","5.000000"
"rea","6.000000"
"reb","3.000000"
"rec","11.000000"
"red","1.000000"
"ree","1.000000"
"ref","4.000000"
"reg","9.000000"
"rei","5.000000"
"rel","4.000000"
"rem","6.000000"
"ren","16.000000"
"rep","6.000000"
"rer","10.000000"
"res","47.000000"
"ret","14.000000"
"reu","4.000000"
"rev","5.000000"
"re–","1.000000"
"re’","1.000000"
"rfi","1.000000"
"rg ","2.000000"
"rge","1.000000"
"rgi","1.000000"
"rgo","1.000000"
"ri ","9.000000"
"ri,","2.000000"
"ri.","1.000000"
"ria","27.000000"
"rib","3.000000"
"rid","1.000000"
"rie","11.000000"
"rig","2.000000"
"ril","1.000000"
"rim","8.000000"
"rin","12.000000"
"rio","4.000000"
"riq","2.000000"
"rir","4.000000"
"ris","11.000000"
"rit","7.000000"
"riu","1.000000"
"riv","1.000000"
"riè","1.000000"
"rle","1.000000"
"rma","8.000000"
"rme","8.000000"
"rn ","8.000000"
"rn,","1.000000"
"rn:","1.000000"
"rna","9.000000"
"rne","2.000000"
"rni","3.000000"
"rno","1.000000"
"rns","1.000000"
"ro ","2.000000"
"rob","8.000000"
"roc","1.000000"
"rod","2.000000"
"rof","5.000000"
"roh","1.000000"
"rol","3.000000"
"rom","2.000000"
"ron","5.000000"
"rop","6.000000"
"ros","4.000000"
"rot","1.000000"
"rou","1.000000"
"rov","5.000000"
"rpr","3.000000"
"rqu","1.000000"
"rra","21.000000"
"rre","16.000000"
"rri","7.000000"
"rs ","22.000000"
"rs,","3.000000"
"rs.","2.000000"
"rs:","1.000000"
"rse","2.000000"
"rsi","3.000000"
"rso","2.000000"
"rt ","14.000000"
"rt,","4.000000"
"rt.","1.000000"
"rta","14.000000"
"rte","4.000000"
"rti","13.000000"
"rto","1.000000"
"rts","3.000000"
"rtu","5.000000"
"ruc","2.000000"
"rue","2.000000"
"rui","3.000000"
"run","1.000000"
"rup","5.000000"
"rus","3.000000"
"rva","3.000000"
"rve","4.000000"
"rxa","2.000000"
"rà ","8.000000"
"ràc","1.000000"
"ràs","1.000000"
"ràt","1.000000"
"rç ","1.000000"
"rç.","1.000000"
"rça","1.000000"
"rço","3.000000"
"rèn","1.000000"
"rés","7.000000"
"ríc","1.000000"
"rís","6.000000"
"rít","1.000000"
"rò ","9.000000"
"rò,","2.000000"
"rôm","1.000000"
"rúi","1.000000"
"s 1","1.000000"
"s 7","1.000000"
"s 9","1.000000"
"s A","1.000000"
"s B","2.000000"
"s C","1.000000"
"s E","1.000000"
"s I","2.000000"
"s P","3.000000"
"s U","1.000000"
"s a","47.000000"
"s b","13.000000"
"s c","26.000000"
"s d","100.000000"
"s e","40.000000"
"s f","7.000000"
"s g","3.000000"
"s h","6.000000"
"s i","44.000000"
"s j","1.000000"
"s l","18.000000"
"s m","23.000000"
"s n","13.000000"
"s o","10.000000"
"s p","37.000000"
"s q","36.000000"
"s r","11.000000"
"s s","23.000000"
"s t","15.000000"
"s u","7.000000"
"s v","15.000000"
"s z","1.000000"
"s «","1.000000"
"s é","2.000000"
"s í","1.000000"
"s “","1.000000"
"s'a","1.000000"
"s'e","1.000000"
"s'h","5.000000"
"s, ","53.000000"
"s-c","1.000000"
"s. ","24.000000"
"s..","1.000000"
"s: ","3.000000"
"sa ","16.000000"
"sa.","2.000000"
"sab","7.000000"
"sac","1.000000"
"sad","6.000000"
"sag","1.000000"
"sal","2.000000"
"sam","1.000000"
"san","3.000000"
"sap","3.000000"
"sar","2.000000"
"sas","1.000000"
"sat","9.000000"
"sbl","1.000000"
"sca","4.000000"
"sce","1.000000"
"sco","2.000000"
"scr","1.000000"
"scs","1.000000"
"scu","2.000000"
"scà","1.000000"
"scú","2.000000"
"se ","14.000000"
"sec","7.000000"
"seg","9.000000"
"sei","1.000000"
"sej","3.000000"
"sel","2.000000"
"sem","3.000000"
"sen","17.000000"
"ser","8.000000"
"ses","9.000000"
"set","4.000000"
"seu","16.000000"
"sev","10.000000"
"se’","1.000000"
"sfa","1.000000"
"sfe","1.000000"
"sfo","3.000000"
"si ","3.000000"
"siT","1.000000"
"sia","2.000000"
"sib","4.000000"
"sic","6.000000"
"sid","2.000000"
"sif","1.000000"
"sig","6.000000"
"sim","3.000000"
"sin","2.000000"
"sio","4.000000"
"sis","5.000000"
"sit","8.000000"
"siu","3.000000"
"siv","1.000000"
"sió","6.000000"
"sma","1.000000"
"sme","4.000000"
"smo","1.000000"
"sob","6.000000"
"soc","9.000000"
"sol","6.000000"
"son","3.000000"
"sor","7.000000"
"sos","13.000000"
"sot","4.000000"
"sou","4.000000"
"sov","1.000000"
"spa","4.000000"
"spe","7.000000"
"spi","1.000000"
"spl","1.000000"
"spo","9.000000"
"spr","4.000000"
"spè","1.000000"
"squ","1.000000"
"ssa","12.000000"
"sse","14.000000"
"ssi","8.000000"
"sso","7.000000"
"ssí","1.000000"
"st ","6.000000"
"sta","58.000000"
"ste","18.000000"
"sti","17.000000"
"stm","1.000000"
"sto","2.000000"
"stp","1.000000"
"str","16.000000"
"stu","2.000000"
"stà","6.000000"
"stò","7.000000"
"sub","1.000000"
"suc","1.000000"
"sul","1.000000"
"sum","2.000000"
"sup","2.000000"
"sur","4.000000"
"sus","1.000000"
"svi","1.000000"
"sèr","1.000000"
"sí.","1.000000"
"só ","1.000000"
"són","3.000000"
"s’a","1.000000"
"s’e","1.000000"
"s’h","10.000000"
"s”,","2.000000"
"t F","3.000000"
"t J","1.000000"
"t P","1.000000"
"t S","1.000000"
"t a","22.000000"
"t b","1.000000"
"t c","4.000000"
"t d","35.000000"
"t e","24.000000"
"t f","5.000000"
"t g","1.000000"
"t h","2.000000"
"t i","18.000000"
"t j","1.000000"
"t l","11.000000"
"t m","4.000000"
"t n","4.000000"
"t o","1.000000"
"t p","7.000000"
"t q","7.000000"
"t r","5.000000"
"t s","6.000000"
"t t","4.000000"
"t u","6.000000"
"t v","2.000000"
"t é","3.000000"
"t, ","24.000000"
"t-l","1.000000"
"t. ","14.000000"
"t.u","1.000000"
"t? ","2.000000"
"ta ","46.000000"
"ta,","3.000000"
"ta.","1.000000"
"tab","8.000000"
"tac","6.000000"
"tad","5.000000"
"tag","1.000000"
"tal","20.000000"
"tam","11.000000"
"tan","15.000000"
"tap","4.000000"
"taq","1.000000"
"tar","27.000000"
"tas","1.000000"
"tat","54.000000"
"tau","5.000000"
"tav","1.000000"
"te ","3.000000"
"te,","1.000000"
"te.","2.000000"
"teg","2.000000"
"tei","9.000000"
"tej","1.000000"
"tel","6.000000"
"tem","8.000000"
"ten","22.000000"
"ter","32.000000"
"tes","21.000000"
"tge","9.000000"
"tgu","2.000000"
"ti ","3.000000"
"tia","2.000000"
"tib","1.000000"
"tic","17.000000"
"tid","3.000000"
"tig","8.000000"
"til","4.000000"
"tim","3.000000"
"tin","7.000000"
"tio","1.000000"
"tip","2.000000"
"tiq","2.000000"
"tir","4.000000"
"tis","2.000000"
"tit","15.000000"
"tiu","7.000000"
"tiv","8.000000"
"tió","1.000000"
"tja","1.000000"
"tll","1.000000"
"tlà","1.000000"
"tma","4.000000"
"tme","1.000000"
"tmè","1.000000"
"to ","2.000000"
"tog","2.000000"
"tol","1.000000"
"tom","1.000000"
"ton","1.000000"
"tor","18.000000"
"tos","1.000000"
"tot","12.000000"
"tpa","1.000000"
"tra","23.000000"
"tre","45.000000"
"tri","7.000000"
"tro","8.000000"
"tru","4.000000"
"ts ","42.000000"
"ts,","6.000000"
"ts.","2.000000"
"ts?","1.000000"
"tua","3.000000"
"tuc","1.000000"
"tud","2.000000"
"tue","1.000000"
"tug","1.000000"
"tui","1.000000"
"tur","16.000000"
"tut","2.000000"
"tuï","1.000000"
"txe","2.000000"
"tza","9.000000"
"tze","1.000000"
"tzi","1.000000"
"tà ","2.000000"
"tàl","1.000000"
"tàn","3.000000"
"tàr","1.000000"
"tàs","1.000000"
"tèg","2.000000"
"tèn","1.000000"
"tèr","2.000000"
"té ","7.000000"
"tén","1.000000"
"tòr","8.000000"
"t– ","1.000000"
"t’a","1.000000"
"t’h","1.000000"
"u P","1.000000"
"u a","1.000000"
"u b","1.000000"
"u c","1.000000"
"u d","5.000000"
"u e","2.000000"
"u f","1.000000"
"u i","4.000000"
"u l","4.000000"
"u n","1.000000"
"u p","4.000000"
"u q","3.000000"
"u r","1.000000"
"u s","1.000000"
"u t","1.000000"
"u é","1.000000"
"u. ","2.000000"
"uad","3.000000"
"ual","14.000000"
"uan","4.000000"
"uar","5.000000"
"uat","3.000000"
"ub,","1.000000"
"ubm","1.000000"
"uc,","1.000000"
"uca","1.000000"
"ucc","2.000000"
"uci","1.000000"
"uct","1.000000"
"ucá","1.000000"
"uda","2.000000"
"ude","1.000000"
"udi","4.000000"
"udo","1.000000"
"ue ","107.000000"
"ue,","1.000000"
"ued","8.000000"
"uei","2.000000"
"uej","1.000000"
"uel","4.000000"
"uen","4.000000"
"uer","8.000000"
"ues","36.000000"
"uet","3.000000"
"ufa","1.000000"
"ufo","1.000000"
"uga","2.000000"
"ugi","1.000000"
"ugm","2.000000"
"ugu","1.000000"
"ui ","10.000000"
"ui.","1.000000"
"uia","2.000000"
"uid","1.000000"
"uie","1.000000"
"uil","3.000000"
"uin","6.000000"
"uio","1.000000"
"uip","2.000000"
"uir","3.000000"
"uit","3.000000"
"ula","15.000000"
"ulc","1.000000"
"ule","2.000000"
"ull","3.000000"
"uls","4.000000"
"ult","5.000000"
"um ","1.000000"
"um,","2.000000"
"uma","2.000000"
"ume","2.000000"
"umi","7.000000"
"umn","1.000000"
"ums","1.000000"
"un ","37.000000"
"un.","1.000000"
"una","37.000000"
"unc","4.000000"
"und","2.000000"
"une","2.000000"
"uni","3.000000"
"uno","1.000000"
"uns","3.000000"
"unt","14.000000"
"uny","1.000000"
"upa","1.000000"
"upc","4.000000"
"upe","2.000000"
"upo","1.000000"
"ura","13.000000"
"urb","1.000000"
"ure","14.000000"
"urg","1.000000"
"uri","5.000000"
"url","1.000000"
"uro","3.000000"
"urs","3.000000"
"urt","1.000000"
"urí","6.000000"
"us ","12.000000"
"usa","1.000000"
"use","2.000000"
"usi","4.000000"
"usp","1.000000"
"usq","1.000000"
"uss","3.000000"
"ust","3.000000"
"ut ","4.000000"
"ut.","1.000000"
"uta","10.000000"
"ute","1.000000"
"uti","4.000000"
"uto","2.000000"
"uts","1.000000"
"utè","1.000000"
"uve","5.000000"
"uvo","1.000000"
"uè ","8.000000"
"ué ","1.000000"
"ués","1.000000"
"uí,","2.000000"
"uï ","1.000000"
"uïn","1.000000"
"uït","1.000000"
"va ","38.000000"
"va,","1.000000"
"va.","1.000000"
"vac","3.000000"
"vad","3.000000"
"vai","2.000000"
"val","4.000000"
"van","10.000000"
"vaq","1.000000"
"var","4.000000"
"vas","2.000000"
"vat","1.000000"
"vav","1.000000"
"ve ","3.000000"
"veg","2.000000"
"vei","2.000000"
"vel","5.000000"
"ven","14.000000"
"ver","22.000000"
"ves","8.000000"
"vet","2.000000"
"veu","8.000000"
"veï","1.000000"
"via","11.000000"
"vid","7.000000"
"vil","3.000000"
"vin","2.000000"
"vir","2.000000"
"vis","10.000000"
"vit","4.000000"
"viv","1.000000"
"vol","10.000000"
"vor","3.000000"
"vot","2.000000"
"vui","4.000000"
"vé ","1.000000"
"vé,","1.000000"
"víc","1.000000"
"x a","1.000000"
"x c","1.000000"
"x d","1.000000"
"x h","1.000000"
"x i","2.000000"
"x l","2.000000"
"x m","1.000000"
"x s","1.000000"
"x t","1.000000"
"x é","1.000000"
"x, ","2.000000"
"x. ","1.000000"
"xa ","2.000000"
"xad","3.000000"
"xan","1.000000"
"xar","5.000000"
"xat","2.000000"
"xav","1.000000"
"xce","1.000000"
"xcl","2.000000"
"xe.","1.000000"
"xec","1.000000"
"xel","2.000000"
"xem","4.000000"
"xen","4.000000"
"xer","4.000000"
"xes","4.000000"
"xi ","2.000000"
"xig","3.000000"
"xim","1.000000"
"xoc","1.000000"
"xol","1.000000"
"xos","3.000000"
"xpe","1.000000"
"xpl","2.000000"
"xpo","1.000000"
"xte","1.000000"
"xtr","3.000000"
"xí ","1.000000"
"xí,","1.000000"
"xò ","4.000000"
"xò,","1.000000"
"xò.","1.000000"
"y p","1.000000"
"ya,","1.000000"
"yad","1.000000"
"yal","5.000000"
"yar","1.000000"
"yes","1.000000"
"yol","2.000000"
"ys ","6.000000"
"ys,","1.000000"
"ys.","1.000000"
"z F","1.000000"
"z. ","1.000000"
"z? ","1.000000"
"zac","2.000000"
"zad","1.000000"
"zar","1.000000"
"zat","5.000000"
"ze ","1.000000"
"zi ","1.000000"
"zon","9.000000"
"zul","1.000000"
"«to","1.000000"
"·la","6.000000"
"·le","1.000000"
"·li","1.000000"
"·lo","1.000000"
"·lu","5.000000"
"·lí","1.000000"
"», ","1.000000"
"¿En","2.000000"
"¿ca","1.000000"
"Àle","1.000000"
"És ","4.000000"
"à a","3.000000"
"à c","1.000000"
"à d","2.000000"
"à e","1.000000"
"à f","1.000000"
"à l","3.000000"
"à s","1.000000"
"à u","1.000000"
"à v","1.000000"
"à, ","2.000000"
"àbr","1.000000"
"àct","1.000000"
"àha","1.000000"
"àix","1.000000"
"àle","1.000000"
"àlg","1.000000"
"àmb","1.000000"
"ànc","1.000000"
"ànd","2.000000"
"àni","5.000000"
"ànt","1.000000"
"àre","1.000000"
"àri","2.000000"
"àrr","1.000000"
"às ","1.000000"
"àst","2.000000"
"àte","1.000000"
"àti","4.000000"
"án ","1.000000"
"ánc","2.000000"
"ç e","1.000000"
"ç p","1.000000"
"ç. ","1.000000"
"ça ","6.000000"
"çar","3.000000"
"çor","1.000000"
"ços","3.000000"
"è a","1.000000"
"è e","3.000000"
"è h","2.000000"
"è l","1.000000"
"è v","1.000000"
"èca","1.000000"
"ègi","2.000000"
"èmi","4.000000"
"ènc","5.000000"
"ène","1.000000"
"èni","3.000000"
"ènt","1.000000"
"èri","3.000000"
"ès ","3.000000"
"ès,","1.000000"
"é 5","1.000000"
"é a","1.000000"
"é c","1.000000"
"é d","1.000000"
"é e","3.000000"
"é l","1.000000"
"é n","2.000000"
"é u","2.000000"
"é v","2.000000"
"é é","1.000000"
"é, ","4.000000"
"én.","1.000000"
"és ","52.000000"
"és,","6.000000"
"és.","4.000000"
"í a","1.000000"
"í d","2.000000"
"í e","1.000000"
"í i","1.000000"
"í q","1.000000"
"í, ","4.000000"
"íci","2.000000"
"íco","1.000000"
"íct","1.000000"
"ícu","1.000000"
"íde","3.000000"
"íem","1.000000"
"íni","3.000000"
"ínt","1.000000"
"ís ","2.000000"
"íst","6.000000"
"íti","1.000000"
"íto","1.000000"
"ï e","1.000000"
"ïn ","1.000000"
"ïna","2.000000"
"ïns","1.000000"
"ït ","1.000000"
"ñez","1.000000"
"ò a","4.000000"
"ò d","2.000000"
"ò e","1.000000"
"ò f","1.000000"
"ò l","1.000000"
"ò m","1.000000"
"ò n","1.000000"
"ò o","1.000000"
"ò v","1.000000"
"ò, ","3.000000"
"òbi","2.000000"
"òbv","1.000000"
"òle","1.000000"
"òme","1.000000"
"òmi","3.000000"
"òni","1.000000"
"òri","9.000000"
"òti","2.000000"
"ó G","1.000000"
"ó P","1.000000"
"ó a","8.000000"
"ó c","3.000000"
"ó d","14.000000"
"ó e","1.000000"
"ó g","1.000000"
"ó h","1.000000"
"ó i","2.000000"
"ó p","3.000000"
"ó q","5.000000"
"ó r","2.000000"
"ó, ","6.000000"
"ón ","4.000000"
"óo ","8.000000"
"óo,","1.000000"
"óo.","1.000000"
"órr","1.000000"
"ôme","1.000000"
"ú a","2.000000"
"ú n","1.000000"
"ú o","1.000000"
"ú q","1.000000"
"ú t","1.000000"
"úbl","1.000000"
"úix","1.000000"
"úni","2.000000"
"úpu","1.000000"
"úsc","1.000000"
"úst","2.000000"
"úñe","1.000000"
"ües","2.000000"
"– e","1.000000"
"–, ","1.000000"
"–qu","2.000000"
"–to","1.000000"
"’Ab","1.000000"
"’Ar","1.000000"
"’At","1.000000"
"’Es","2.000000"
"’St","1.000000"
"’Uc","1.000000"
"’Un","1.000000"
"’ab","1.000000"
"’ai","1.000000"
"’al","3.000000"
"’am","1.000000"
"’an","1.000000"
"’ap","1.000000"
"’aq","6.000000"
"’ar","1.000000"
"’as","1.000000"
"’au","2.000000"
"’av","5.000000"
"’ec","1.000000"
"’en","4.000000"
"’eq","1.000000"
"’er","2.000000"
"’es","4.000000"
"’et","1.000000"
"’eu","1.000000"
"’ex","3.000000"
"’ha","10.000000"
"’hi","3.000000"
"’il","5.000000"
"’im","2.000000"
"’in","6.000000"
"’ns","1.000000"
"’ob","4.000000"
"’on","2.000000"
"’op","1.000000"
"’s ","1.000000"
"’un","11.000000"
"’Àl","1.000000"
"’àm","1.000000"
"’ún","1.000000"
"“Un","1.000000"
"“di","1.000000"
"“re","1.000000"
"” a","1.000000"
"”, ","2.000000"
